{"Construction":{"0":"A1-1077","1":"A2-385","2":"B1-1111","3":"B2-728","4":"C1-55","5":"C2-781"},"Accuracies":{"0":[0.85,0.825,0.875,0.775,0.8],"1":[0.6,0.775,0.525,0.775,0.675],"2":[0.775,0.65,0.8,0.625,0.675],"3":[0.7,0.675,0.65,0.6,0.775],"4":[0.45,0.55,0.475,0.4,0.525],"5":[0.975,0.925,0.925,0.975,0.975]},"Precisions":{"0":[0.8260869565,0.8888888889,0.8947368421,0.6818181818,0.7826086957],"1":[0.5416666667,0.7727272727,0.5454545455,0.8,0.7142857143],"2":[0.7777777778,0.6818181818,0.75,0.6666666667,0.6086956522],"3":[0.6875,0.7619047619,0.64,0.5652173913,0.7647058824],"4":[0.5625,0.4583333333,0.4285714286,0.5454545455,0.4],"5":[0.9523809524,0.8846153846,0.875,1.0,0.9444444444]},"Recalls":{"0":[0.9047619048,0.7619047619,0.85,0.8823529412,0.8571428571],"1":[0.7222222222,0.8095238095,0.5714285714,0.7619047619,0.5263157895],"2":[0.7368421053,0.6818181818,0.8333333333,0.6956521739,0.7777777778],"3":[0.6111111111,0.6666666667,0.7619047619,0.6842105263,0.7222222222],"4":[0.375,0.6875,0.3157894737,0.4615384615,0.5333333333],"5":[1.0,1.0,1.0,0.9473684211,1.0]}}