{"Construction":{"0":"A1-701","1":"A2-1160","2":"B1-1112","3":"B2-758","4":"C1-997","5":"C2-56"},"Accuracies":{"0":[0.83,0.85,0.89,0.86,0.88],"1":[0.64,0.735,0.69,0.785,0.75],"2":[0.855,0.89,0.91,0.915,0.85],"3":[0.76,0.765,0.725,0.775,0.79],"4":[0.805,0.86,0.83,0.755,0.825],"5":[0.735,0.71,0.76,0.685,0.715]},"Precisions":{"0":[0.7685185185,0.7983193277,0.8828828829,0.8034188034,0.8407079646],"1":[0.6239316239,0.7037037037,0.7142857143,0.7843137255,0.702970297],"2":[0.8362068966,0.8691588785,0.8771929825,0.8854166667,0.8018018018],"3":[0.6896551724,0.734375,0.686440678,0.7217391304,0.7711864407],"4":[0.7619047619,0.8198198198,0.7398373984,0.7217391304,0.7833333333],"5":[0.7647058824,0.6448598131,0.7131147541,0.6377952756,0.7289719626]},"Recalls":{"0":[0.902173913,0.9405940594,0.9158878505,0.9494949495,0.9405940594],"1":[0.7227722772,0.7835051546,0.7272727273,0.7920792079,0.7802197802],"2":[0.9065420561,0.9207920792,0.9615384615,0.9340659341,0.9175257732],"3":[0.8695652174,0.8785046729,0.8181818182,0.8645833333,0.858490566],"4":[0.9142857143,0.9191919192,0.9784946237,0.83,0.9126213592],"5":[0.7289719626,0.7752808989,0.87,0.8265306122,0.7358490566]}}