{"Construction":{"0":"A1-701","1":"A2-1160","2":"B1-1112","3":"B2-758","4":"C1-997","5":"C2-56"},"Accuracies":{"0":[0.83,0.855,0.805,0.855,0.845],"1":[0.74,0.69,0.755,0.675,0.755],"2":[0.9,0.88,0.92,0.91,0.885],"3":[0.765,0.775,0.77,0.78,0.75],"4":[0.835,0.83,0.79,0.805,0.79],"5":[0.745,0.745,0.695,0.71,0.655]},"Precisions":{"0":[0.811023622,0.8411214953,0.7431192661,0.8396226415,0.801980198],"1":[0.7117117117,0.6666666667,0.7339449541,0.6565656566,0.731092437],"2":[0.8611111111,0.8252427184,0.8869565217,0.8859649123,0.8468468468],"3":[0.7304347826,0.6782608696,0.7338709677,0.7692307692,0.712],"4":[0.7927927928,0.7704918033,0.765625,0.747826087,0.7327586207],"5":[0.6821705426,0.7676767677,0.6460176991,0.6929824561,0.632]},"Recalls":{"0":[0.9115044248,0.8823529412,0.8804347826,0.8811881188,0.8804347826],"1":[0.797979798,0.7722772277,0.8,0.6770833333,0.8365384615],"2":[0.9489795918,0.9340659341,0.9714285714,0.9528301887,0.94],"3":[0.84,0.9069767442,0.875,0.8411214953,0.8640776699],"4":[0.8979591837,0.94,0.8909090909,0.8958333333,0.8854166667],"5":[0.8979591837,0.7307692308,0.7765957447,0.7745098039,0.7745098039]}}