{"Construction":{"0":"A1-1077","1":"A2-385","2":"B1-1111","3":"B2-728","4":"C1-55","5":"C2-781"},"Accuracies":{"0":[0.975,0.85,0.825,0.75,0.85],"1":[0.85,0.85,0.825,0.8,0.8],"2":[0.775,0.875,0.9,0.75,0.825],"3":[0.725,0.8,0.65,0.825,0.875],"4":[0.65,0.725,0.75,0.7,0.7],"5":[1.0,0.95,0.95,0.95,0.95]},"Precisions":{"0":[0.9565217391,0.84,0.8235294118,0.7,0.7368421053],"1":[0.76,0.8235294118,0.7083333333,0.875,0.8095238095],"2":[0.619047619,0.88,0.9047619048,0.7368421053,0.8947368421],"3":[0.7058823529,0.9285714286,0.64,0.7916666667,0.8947368421],"4":[0.8,0.6842105263,0.6470588235,0.8636363636,0.6],"5":[1.0,0.8947368421,0.9130434783,0.9523809524,0.9047619048]},"Recalls":{"0":[1.0,0.9130434783,0.7777777778,0.9545454545,0.9333333333],"1":[1.0,0.8235294118,1.0,0.8076923077,0.8095238095],"2":[0.9285714286,0.9166666667,0.9047619048,0.7368421053,0.7727272727],"3":[0.6666666667,0.65,0.7619047619,0.9047619048,0.85],"4":[0.5217391304,0.7222222222,0.7333333333,0.6785714286,0.75],"5":[1.0,1.0,1.0,0.9523809524,1.0]}}