{"Construction":{"0":"A1-285","1":"A2-1210","2":"B1-394","3":"B2-121","4":"C1-645","5":"C2-903"},"Accuracies":{"0":[0.925,0.925,0.925,0.975,0.975],"1":[0.725,0.6,0.6,0.825,0.725],"2":[0.875,0.925,0.85,0.875,0.95],"3":[0.5,0.6,0.7,0.55,0.825],"4":[0.95,1.0,1.0,0.925,0.975],"5":[0.7,0.575,0.725,0.6,0.75]},"Precisions":{"0":[0.9545454545,0.9,0.9166666667,1.0,0.9411764706],"1":[0.7391304348,0.6,0.5652173913,0.8888888889,0.6296296296],"2":[0.7368421053,0.9090909091,0.8260869565,0.9047619048,0.9545454545],"3":[0.5789473684,0.5,0.619047619,0.6363636364,0.8095238095],"4":[0.92,1.0,1.0,0.8636363636,1.0],"5":[0.7,0.5454545455,0.8235294118,0.6315789474,0.6818181818]},"Recalls":{"0":[0.9130434783,0.9473684211,0.9565217391,0.9473684211,1.0],"1":[0.7727272727,0.6,0.6842105263,0.7619047619,0.9444444444],"2":[1.0,0.9523809524,0.9047619048,0.8636363636,0.9545454545],"3":[0.4782608696,0.4375,0.7647058824,0.5833333333,0.85],"4":[1.0,1.0,1.0,1.0,0.9444444444],"5":[0.7,0.6315789474,0.6363636364,0.5714285714,0.8333333333]}}