{"Construction":{"0":"A1-701","1":"A2-1160","2":"B1-1112","3":"B2-758","4":"C1-997","5":"C2-56"},"Accuracies":{"0":[0.855,0.82,0.865,0.885,0.775],"1":[0.68,0.665,0.72,0.73,0.69],"2":[0.905,0.865,0.895,0.91,0.875],"3":[0.76,0.725,0.78,0.74,0.82],"4":[0.755,0.77,0.815,0.82,0.785],"5":[0.765,0.675,0.735,0.74,0.68]},"Precisions":{"0":[0.7946428571,0.7731092437,0.850877193,0.8653846154,0.7304347826],"1":[0.7113402062,0.6168224299,0.6637931034,0.7477477477,0.6727272727],"2":[0.875,0.8482142857,0.8495575221,0.8928571429,0.8348623853],"3":[0.7213114754,0.6791044776,0.7946428571,0.6186440678,0.7899159664],"4":[0.7196969697,0.7045454545,0.756302521,0.7663551402,0.7565217391],"5":[0.747826087,0.6101694915,0.7301587302,0.7053571429,0.6355932203]},"Recalls":{"0":[0.9368421053,0.9108910891,0.9065420561,0.9090909091,0.8571428571],"1":[0.6571428571,0.7173913043,0.8191489362,0.7614678899,0.74],"2":[0.9230769231,0.9047619048,0.96,0.9433962264,0.9285714286],"3":[0.862745098,0.8834951456,0.8090909091,0.9125,0.8952380952],"4":[0.8878504673,0.93,0.9183673469,0.8817204301,0.8529411765],"5":[0.8269230769,0.7912087912,0.8288288288,0.806122449,0.78125]}}