{"A1":{"A1":0.133763954,"A2":0.0859466419,"B1":0.0384722725,"B2":0.0228935238,"C1":0.0136035364,"C2":0.0057308436},"A2":{"A1":0.0495393239,"A2":0.0497539714,"B1":0.0338527746,"B2":0.0224642735,"C1":0.0143278539,"C2":0.0056016161},"B1":{"A1":0.0162204746,"A2":0.0501522943,"B1":0.0517155863,"B2":0.0505676419,"C1":0.0454312563,"C2":0.0325950496},"B2":{"A1":0.0108319055,"A2":0.0261557382,"B1":0.0337892398,"B2":0.0394210853,"C1":0.0472032763,"C2":0.0583632104},"C1":{"A1":0.005649542,"A2":0.01188708,"B1":0.0330583639,"B2":0.039760422,"C1":0.0514268503,"C2":0.0749717355},"C2":{"A1":0.0101015531,"A2":0.0149300853,"B1":0.0243148655,"B2":0.0280034561,"C1":0.0334961191,"C2":0.0510233976}}