{"A1":{"A1":0.2956596315,"A2":0.1050277874,"B1":0.0210899841,"B2":0.0133664012,"C1":0.0128037101,"C2":0.0117846215},"A2":{"A1":0.043625474,"A2":0.099849917,"B1":0.0267260093,"B2":0.0119699435,"C1":0.0074938429,"C2":0.0075437739},"B1":{"A1":0.0214503091,"A2":0.0443029515,"B1":0.1225844547,"B2":0.0680933446,"C1":0.0626214668,"C2":0.0549239255},"B2":{"A1":0.009599952,"A2":0.0214168765,"B1":0.0574358813,"B2":0.1218520477,"C1":0.0803649947,"C2":0.0789535493},"C1":{"A1":0.0069691376,"A2":0.0164763425,"B1":0.0647013262,"B2":0.1100385785,"C1":0.2057623714,"C2":0.1207364276},"C2":{"A1":0.0113012502,"A2":0.0153792705,"B1":0.0255908743,"B2":0.0432330854,"C1":0.0616278611,"C2":0.1133503392}}